 	Task	Responder	sender_entity	sender_name	recipient	block	tool_type	tool	content
 	LLM-Agent	Entity.USER	Entity.USER	LLM-Agent		None			Fix the vulnerability: {'ticket': {'Self': '', 'ID': '824645957960', 'Key': '824...ill works as intended. Do not replace the whole file just the minimum necessary.
 	LLM-Agent	Entity.USER	Entity.USER	Entity.USER		None			[CANNOT RESPOND]
 	LLM-Agent	Entity.AGENT	Entity.USER			None			
*	LLM-Agent	Entity.LLM	Entity.LLM			None	TOOL	view_file	Certainly! I'll analyze the vulnerability, implement a fix, and ensure the funct...view_file", "file_path": "_examples/single-handler/main.go", "line_number": 38 }
*	LLM-Agent	Entity.AGENT	Entity.AGENT	LLM-Agent		None			Lines 0 to 39 package main import ( "fmt" "net/http" "github.com/go-playground/w...il) } To slide up, set line_number to 0 and to slide down, set line_number to 39
 	LLM-Agent	Entity.USER	Entity.USER	Entity.USER		None			[CANNOT RESPOND]
 	LLM-Agent	Entity.AGENT	Entity.AGENT	Entity.AGENT		None			[CANNOT RESPOND]
*	LLM-Agent	Entity.LLM	Entity.LLM			None	TOOL	replace_file_content	Thank you for providing the file content. I can see that the vulnerability is on...tly improve the security of the example without altering its core functionality.
*	LLM-Agent	Entity.AGENT	Entity.AGENT	LLM-Agent		None			Result from replace_file_content: Replaced 1 occurrence(s) of the specified cont...ace_file_content: Replaced 1 occurrence(s) of the specified content in the file.
 	LLM-Agent	Entity.USER	Entity.USER	Entity.USER		None			[CANNOT RESPOND]
 	LLM-Agent	Entity.AGENT	Entity.AGENT	Entity.AGENT		None			[CANNOT RESPOND]
*	LLM-Agent	Entity.LLM	Entity.LLM			None	TOOL	view_file	Great! The changes have been successfully applied to the file. Let's review the ..."view_file", "file_path": "_examples/single-handler/main.go", "line_number": 0 }
*	LLM-Agent	Entity.AGENT	Entity.AGENT	LLM-Agent		None			Lines 0 to 50 package main import ( "fmt" "net/http" "time" "github.com/go-playg...r: %s To slide up, set line_number to 0 and to slide down, set line_number to 50
 	LLM-Agent	Entity.USER	Entity.USER	Entity.USER		None			[CANNOT RESPOND]
 	LLM-Agent	Entity.AGENT	Entity.AGENT	Entity.AGENT		None			[CANNOT RESPOND]
*	LLM-Agent	Entity.LLM	Entity.LLM			None			The changes have been successfully applied, and the code looks correct. Let's su...s. Is there anything else you'd like me to explain or verify regarding this fix?
 	LLM-Agent	Entity.USER	Entity.USER	Entity.USER		None			[CANNOT RESPOND]
 	LLM-Agent	Entity.AGENT	Entity.USER			None			
 	LLM-Agent	Entity.LLM	Entity.LLM	Entity.LLM		None			[CANNOT RESPOND]
*	LLM-Agent	Entity.LLM	Entity.LLM			None			The changes have been successfully applied, and the code looks correct. Let's su...s. Is there anything else you'd like me to explain or verify regarding this fix?
 	LLM-Agent	Entity.USER	Entity.USER	Entity.USER		None			[CANNOT RESPOND]
 	LLM-Agent	Entity.AGENT	Entity.USER			None			
 	LLM-Agent	Entity.LLM	Entity.LLM	Entity.LLM		None			[CANNOT RESPOND]
*	LLM-Agent	Entity.LLM	Entity.LLM			None			The changes have been successfully applied, and the code looks correct. Let's su...s. Is there anything else you'd like me to explain or verify regarding this fix?
 	LLM-Agent	Entity.USER	Entity.USER	Entity.USER		None			[CANNOT RESPOND]
 	LLM-Agent	Entity.AGENT	Entity.USER			None			
 	LLM-Agent	Entity.LLM	Entity.LLM	Entity.LLM		None			[CANNOT RESPOND]
*	LLM-Agent	Entity.LLM	Entity.LLM			None			The changes have been successfully applied, and the code looks correct. Let's su...s. Is there anything else you'd like me to explain or verify regarding this fix?
 	LLM-Agent	Entity.USER	Entity.USER	Entity.USER		None			[CANNOT RESPOND]
 	LLM-Agent	Entity.AGENT	Entity.USER			None			
 	LLM-Agent	Entity.LLM	Entity.LLM	Entity.LLM		None			[CANNOT RESPOND]
*	LLM-Agent	Entity.LLM	Entity.LLM			None			The changes have been successfully applied, and the code looks correct. Let's su...s. Is there anything else you'd like me to explain or verify regarding this fix?
 	LLM-Agent	Entity.USER	Entity.USER	Entity.USER		None			[CANNOT RESPOND]
 	LLM-Agent	Entity.AGENT	Entity.USER			None			
 	LLM-Agent	Entity.LLM	Entity.LLM	Entity.LLM		None			[CANNOT RESPOND]
*	LLM-Agent	Entity.LLM	Entity.LLM			None			The changes have been successfully applied, and the code looks correct. Let's su...s. Is there anything else you'd like me to explain or verify regarding this fix?
